{"nVersion":2,"mapCache":{"240":{"appid":240,"unlocked":1,"total":147,"percentage":0.680272102355957,"all_unlocked":false,"cache_time":1642181582},"730":{"appid":730,"unlocked":108,"total":167,"percentage":64.67066192626953,"all_unlocked":false,"cache_time":1642356533}}}