{"nVersion":2,"mapCache":{"240":{"appid":240,"unlocked":1,"total":147,"percentage":0.680272102355957,"all_unlocked":false,"cache_time":1642181582},"730":{"appid":730,"unlocked":109,"total":167,"percentage":65.26946258544922,"all_unlocked":false,"cache_time":1653411122}}}